City_ID,City,Lat,Lng,Max Temp,Humidity,Cloudiness,Wind Speed,Country,Date
0,west island,-12.1568,96.8225,25.99,69,84,4.12,CC,1722877047
1,sungai penuh,-2.0833,101.3833,17.85,95,89,2.39,ID,1722877048
2,ilulissat,69.2167,-51.1,7.05,63,5,1.29,GL,1722877003
3,port-aux-francais,-49.35,70.2167,0.72,68,20,4.11,TF,1722876996
4,mumbwa,-14.9783,27.0619,22.4,13,1,1.3,ZM,1722877052
5,yellowknife,62.456,-114.3525,19.12,65,75,4.12,CA,1722877053
6,songadh,21.1667,73.5667,24.7,94,23,5.02,IN,1722877054
7,peace river,56.2501,-117.286,14.17,94,100,3.6,CA,1722877055
8,isafjordur,66.0755,-23.124,12.02,76,75,7.72,IS,1722877056
9,lorengau,-2.0226,147.2712,26.52,85,97,3.52,PG,1722877058
10,motueka,-41.1333,173.0167,3.94,85,7,1.83,NZ,1722877059
11,bredasdorp,-34.5322,20.0403,9.88,80,13,3.14,ZA,1722877060
12,chonchi,-42.6128,-73.8092,8.4,97,100,2.88,CL,1722877061
13,san antonio de pale,-1.4014,5.6325,22.37,72,96,4.27,GQ,1722876852
14,tamanrasset,22.785,5.5228,35.95,14,40,4.12,DZ,1722877065
15,meulaboh,4.1363,96.1285,25.32,88,90,1.73,ID,1722877066
16,inebolu,41.9747,33.7608,22.33,79,32,1.54,TR,1722877068
17,tolanaro,-25.0319,46.9987,22.04,83,0,2.06,MG,1722877069
18,carnarvon,-24.8667,113.6333,17.73,59,0,3.53,AU,1722877070
19,afaahiti,-17.75,-149.2833,20.93,75,88,4.94,PF,1722877071
20,villa gesell,-37.2639,-56.973,15.03,73,100,6.23,AR,1722876703
21,benguela,-12.5763,13.4055,20.87,81,76,2.82,AO,1722877073
22,massenya,11.4039,16.1705,25.99,79,100,1.36,TD,1722877074
23,kashmar,35.2383,58.4656,32.92,14,4,5.47,IR,1722877075
24,adamstown,-25.066,-130.1015,19.34,66,38,6.01,PN,1722876835
25,port mathurin,-19.6833,63.4167,22.35,77,3,8.48,MU,1722876913
26,port lincoln,-34.7333,135.8667,9.55,86,70,4.05,AU,1722877079
27,nar'yan-mar,67.6713,53.087,9.19,75,4,6.88,RU,1722877080
28,port alfred,-33.5906,26.891,12.88,71,1,1.34,ZA,1722877081
29,valdepenas,38.7621,-3.3848,38.43,10,0,5.92,ES,1722877082
30,ancud,-41.8697,-73.8203,8.03,85,100,8.86,CL,1722877083
31,vadso,70.0744,29.7487,15.49,76,0,6.17,NO,1722877085
32,luderitz,-26.6481,15.1594,14.07,64,0,8.55,NA,1722877086
33,constantia,44.1833,28.65,26.5,55,100,5.75,RO,1722877002
34,conceicao do araguaia,-8.2578,-49.2647,36.83,17,0,2.23,BR,1722877089
35,kurmuk,10.55,34.2833,20.44,97,100,1.27,SD,1722876854
36,nuku'alofa,-21.1333,-175.2,19.19,82,20,1.54,TO,1722876984
37,longyearbyen,78.2186,15.6401,11.91,71,20,7.72,SJ,1722877092
38,thompson,55.7435,-97.8558,19.09,45,20,4.12,CA,1722877093
39,cockburn town,21.4612,-71.1419,28.26,83,0,7.98,TC,1722877094
40,cabo san lucas,22.8909,-109.9124,31.95,50,24,2.68,MX,1722877051
41,san fernando de apure,7.8878,-67.4724,23.77,92,100,2.97,VE,1722877097
42,iquique,-20.2208,-70.1431,17.02,71,16,3.4,CL,1722877042
43,lagoa,39.05,-27.9833,24.1,85,53,7.48,PT,1722877099
44,freetown,8.484,-13.2299,26.03,81,98,3.77,SL,1722877100
45,bayan,46.0833,127.4,21.94,98,94,2.94,CN,1722877101
46,kant,27.8,79.8,31.33,60,91,3.08,IN,1722877102
47,bethel,41.3712,-73.414,31.34,60,0,0.89,US,1722877104
48,punta arenas,-53.15,-70.9167,1.06,75,0,5.14,CL,1722877037
49,ust'-kulom,61.6864,53.6902,14.29,89,98,2.89,RU,1722877107
50,puerto natales,-51.7236,-72.4875,1.25,80,40,0.0,CL,1722877047
51,grand island,40.925,-98.342,29.97,45,0,8.75,US,1722877109
52,bairnsdale,-37.8333,147.6167,5.03,95,20,2.16,AU,1722877110
53,coahuayana de hidalgo,18.7,-103.6583,31.8,57,81,1.64,MX,1722877111
54,callao,-12.0667,-77.15,20.23,81,68,4.81,PE,1722876849
55,yaren,-0.5472,166.916,28.6,72,98,5.24,NR,1722877113
56,college,64.8569,-147.8028,20.65,74,20,2.57,US,1722877114
57,albany,42.6001,-73.9662,29.89,63,39,0.45,US,1722876660
58,pandan,14.0453,124.1694,26.94,87,100,3.64,PH,1722877117
59,kigoma,-4.8769,29.6267,26.33,57,0,1.03,TZ,1722877118
60,edinburgh of the seven seas,-37.0676,-12.3116,13.89,87,64,13.18,SH,1722877119
61,arraial do cabo,-22.9661,-42.0278,28.98,54,0,6.17,BR,1722877120
62,alta sierra,35.7291,-118.5495,23.39,17,46,2.03,US,1722877121
63,ribeira grande,38.5167,-28.7,27.22,83,20,6.17,PT,1722877122
64,colonia,50.9333,6.95,28.31,47,16,2.63,DE,1722876946
65,howrah,22.5892,88.3103,29.0,89,40,2.06,IN,1722877124
66,mount gambier,-37.8333,140.7667,4.95,100,52,2.42,AU,1722877126
67,bilibino,68.0546,166.4372,1.98,73,99,2.0,RU,1722877127
68,puerto ayora,-0.7393,-90.3518,23.98,78,76,5.19,EC,1722877129
69,menaka,15.9182,2.4022,35.64,38,30,4.52,ML,1722877130
70,uturoa,-16.7333,-151.4333,26.21,69,100,5.44,PF,1722877131
71,blackmans bay,-43.0167,147.3167,10.41,74,95,0.89,AU,1722877132
72,grytviken,-54.2811,-36.5092,-6.26,76,100,4.24,GS,1722877015
73,crateus,-5.1783,-40.6775,34.13,25,3,3.68,BR,1722877134
74,acapulco de juarez,16.8634,-99.8901,27.36,65,96,1.42,MX,1722877056
75,naze,28.3667,129.4833,27.51,86,47,3.96,JP,1722877137
76,kodiak,57.79,-152.4072,11.73,100,100,4.63,US,1722877138
77,missao velha,-7.2497,-39.1431,32.27,33,40,2.57,BR,1722877139
78,adam,22.3756,57.5233,36.77,31,100,3.5,OM,1722877140
79,rio branco,-9.9747,-67.81,33.34,52,100,2.57,BR,1722877141
80,remire-montjoly,4.9167,-52.2667,33.02,55,40,5.14,GF,1722877076
81,sandnessjoen,66.0217,12.6316,25.29,81,45,4.41,NO,1722877143
82,kolonia,50.9333,6.95,28.31,48,16,2.63,DE,1722877144
83,huarmey,-10.0681,-78.1522,20.45,68,11,5.33,PE,1722877146
84,iqaluit,63.7506,-68.5145,6.85,93,100,1.54,CA,1722877024
85,tiksi,71.6872,128.8694,10.29,90,99,2.93,RU,1722877009
86,jianguang,28.1938,115.7836,26.36,86,100,2.06,CN,1722877149
87,susuman,62.7833,148.1667,10.57,52,100,3.52,RU,1722877150
88,cavelossim,15.1726,73.9419,27.99,86,31,2.33,IN,1722877151
89,aasiaat,68.7098,-52.8699,2.68,90,84,1.93,GL,1722877152
90,georgetown,5.4112,100.3354,28.96,78,20,1.54,MY,1722876896
91,puerto san jose,13.9256,-90.8244,29.03,70,82,1.04,GT,1722877155
92,hamilton,39.1834,-84.5333,32.99,58,0,2.24,US,1722877156
93,akureyri,65.6835,-18.0878,12.96,76,100,4.63,IS,1722877157
94,papatowai,-46.5619,169.4708,5.11,85,16,3.2,NZ,1722877158
95,nova vicosa,-17.8919,-39.3719,25.88,58,14,4.23,BR,1722877048
96,alaghsas,17.0187,8.0168,34.94,43,97,6.17,NE,1722877160
97,devils lake,48.1128,-98.8651,15.06,90,100,4.63,US,1722877161
98,na klang,17.3072,102.1889,24.53,89,100,1.84,TH,1722877162
99,olonkinbyen,70.9221,-8.7187,6.62,95,96,2.67,SJ,1722877163
100,bonito,-21.1211,-56.4819,35.19,19,1,4.92,BR,1722877010
101,segovia,41.1667,-4.0,35.8,15,1,5.72,ES,1722877166
102,juan griego,11.0817,-63.9655,29.07,74,61,5.66,VE,1722877167
103,ushuaia,-54.8,-68.3,-0.21,74,20,2.06,AR,1722876906
104,kourou,5.1552,-52.6478,33.03,54,4,4.88,GF,1722877169
105,yamada,39.4667,141.95,21.93,97,25,1.12,JP,1722877170
106,margaret river,-33.95,115.0667,16.07,86,55,7.62,AU,1722877171
107,utrik,11.2278,169.8474,28.38,80,98,7.21,MH,1722877172
108,atafu village,-8.5421,-172.5159,28.01,76,83,3.04,TK,1722877174
109,tabou,4.423,-7.3528,25.32,76,61,3.93,CI,1722877175
110,dalandzadgad,43.5708,104.425,25.41,29,86,3.05,MN,1722877177
111,port saint john's,-31.6229,29.5448,14.54,63,0,0.98,ZA,1722877178
112,dolores,-36.3132,-57.6792,16.2,61,66,7.39,AR,1722877179
113,kindu,-2.95,25.95,28.55,30,83,0.25,CD,1722877180
114,whitehorse,60.7161,-135.0538,16.72,62,20,1.03,CA,1722876989
115,invercargill,-46.4,168.35,3.34,92,41,1.79,NZ,1722877183
116,francistown,-21.17,27.5079,23.18,15,0,4.72,BW,1722877184
117,chipinge,-20.1883,32.6236,19.62,18,0,2.82,ZW,1722877185
118,puerto lempira,15.2667,-83.7667,31.08,66,40,3.09,HN,1722877186
119,talnakh,69.4865,88.3972,9.42,64,0,2.08,RU,1722877187
120,suicheng,33.8963,117.9331,27.61,90,11,2.84,CN,1722877188
121,gebeit,21.0667,36.3167,32.19,41,96,1.28,SD,1722877189
122,kapuskasing,49.4169,-82.4331,20.05,42,75,4.12,CA,1722877190
123,lebu,-37.6167,-73.65,10.79,66,100,2.27,CL,1722877001
124,gustavsberg,59.3268,18.3898,22.43,77,90,1.91,SE,1722877193
125,nelson bay,-32.7167,152.15,11.16,96,100,2.63,AU,1722877194
126,saipan,15.1355,145.701,27.39,89,0,2.06,MP,1722877195
127,nantucket,41.2835,-70.0995,29.08,77,0,4.12,US,1722876899
128,sawakin,19.1059,37.3321,35.98,44,51,6.78,SD,1722877197
129,waitangi,-43.9535,-176.5597,8.23,93,89,0.45,NZ,1722877058
130,stanley,54.868,-1.6985,23.61,69,96,4.57,GB,1722877201
131,sarangani,5.4033,125.4636,28.75,74,93,2.12,PH,1722877202
132,ceelbuur,4.685,46.6176,27.1,54,51,10.39,SO,1722877203
133,tadine,-21.55,167.8833,17.7,68,54,4.96,NC,1722877204
134,bayanhongor,46.7167,100.1167,11.76,47,3,2.89,MN,1722877205
135,new norfolk,-42.7826,147.0587,11.07,76,100,2.62,AU,1722877040
136,avarua,-21.2078,-159.775,24.03,78,75,4.12,CK,1722877207
137,kerikeri,-35.2268,173.9474,6.35,91,7,1.91,NZ,1722877209
138,coquimbo,-29.9533,-71.3436,13.85,82,40,4.63,CL,1722876797
139,lewiston orchards,46.3804,-116.9754,21.95,73,75,2.06,US,1722877212
140,srisailain,16.0833,78.8667,24.82,77,79,1.51,IN,1722877213
141,posto fiscal rolim de moura,-13.0833,-62.2667,38.24,19,0,1.63,BR,1722877214
142,wailua homesteads,22.0669,-159.378,24.24,81,0,8.75,US,1722877049
143,lihue,21.9789,-159.3672,24.09,94,68,4.67,US,1722877216
144,malumfashi,11.7853,7.6218,25.69,74,99,4.89,NG,1722877218
145,fale old settlement,-9.3852,-171.2468,27.73,79,100,4.97,TK,1722877164
146,anadyr,64.75,177.4833,1.28,100,75,4.0,RU,1722877220
147,ust-tsilma,65.441,52.1498,16.09,63,8,3.44,RU,1722877221
148,bentiu,9.2333,29.8333,22.86,92,100,1.41,SS,1722877222
149,kruisfontein,-34.0033,24.7314,12.16,59,5,2.05,ZA,1722877223
150,jamestown,42.097,-79.2353,29.45,65,75,6.69,US,1722877069
151,san blas,21.5167,-105.2667,32.94,65,42,1.16,MX,1722877226
152,goure,13.9835,10.2704,21.77,89,100,6.45,NE,1722877227
153,nouadhibou,20.931,-17.0347,24.99,78,3,8.23,MR,1722877228
154,jabor,5.921,169.6434,28.26,77,40,3.75,MH,1722877229
155,coxim,-18.5067,-54.76,36.36,16,0,3.84,BR,1722877230
156,leua,48.2156,18.6071,22.5,44,85,5.74,SK,1722877231
157,happy valley-goose bay,53.3168,-60.3315,25.17,31,75,6.69,CA,1722877232
158,weno,7.4515,151.8468,28.55,76,68,4.41,FM,1722877233
159,novo aripuana,-5.1206,-60.3797,37.74,20,26,2.51,BR,1722877235
160,hithadhoo,-0.6,73.0833,29.18,72,100,3.44,MV,1722877236
161,atherton,53.5237,-2.4935,23.53,74,99,3.58,GB,1722877237
162,brookings,44.3114,-96.7984,25.25,92,40,8.23,US,1722877238
163,east london,-33.0153,27.9116,12.52,62,0,2.57,ZA,1722877204
164,kletskaya,49.3145,43.0584,20.58,86,69,2.81,RU,1722877240
165,yaroslavskaya,44.6106,40.4642,22.36,66,13,2.52,RU,1722877241
166,port blair,11.6667,92.75,26.02,89,75,2.57,IN,1722877243
167,nadi,-17.8,177.4167,18.0,77,40,0.0,FJ,1722876948
168,hawaiian paradise park,19.5933,-154.9731,21.61,98,88,0.45,US,1722877245
169,karratha,-20.7377,116.8463,18.84,36,0,3.53,AU,1722877192
170,port elizabeth,-33.918,25.5701,14.62,63,3,0.45,ZA,1722877247
171,midvagur,62.0511,-7.1939,12.46,100,100,5.14,FO,1722877248
172,bonthe,7.5264,-12.505,26.25,81,88,4.78,SL,1722877249
173,vaasa,63.096,21.6158,21.14,65,0,4.12,FI,1722877250
174,plastun,44.7561,136.2939,13.12,83,64,1.02,RU,1722877251
175,moapa valley,36.5805,-114.4703,39.58,18,7,4.27,US,1722877253
176,badger,64.8,-147.5333,20.6,75,40,2.57,US,1722877254
177,qaqortoq,60.7167,-46.0333,9.49,68,100,1.5,GL,1722876989
178,san pedro pochutla,15.7333,-96.4667,33.17,62,33,1.94,MX,1722877256
179,el calafate,-50.3408,-72.2768,0.52,88,79,2.37,AR,1722877257
180,kitimat,54.0524,-128.6534,25.51,48,0,0.89,CA,1722877258
181,itoman,26.1247,127.6694,29.01,91,75,4.63,JP,1722877259
182,bandarbeyla,9.4942,50.8122,24.7,85,76,13.58,SO,1722877260
183,zambezi,-13.5432,23.1047,23.38,12,3,1.98,ZM,1722877262
184,vorgashor,67.5833,63.95,8.72,65,11,4.45,RU,1722877263
185,chumphon,10.3333,98.8333,23.7,93,97,1.26,TH,1722877264
186,argostolion,38.1811,20.489,31.04,62,0,6.69,GR,1722877265
187,turuntayevo,52.2,107.6167,13.05,77,19,1.0,RU,1722877266
188,lazaro cardenas,17.9583,-102.2,29.35,68,100,1.83,MX,1722877267
189,sitka,57.0531,-135.33,22.62,47,10,0.4,US,1722877268
190,asyut,27.181,31.1837,39.1,13,4,4.38,EG,1722877270
191,jawf al maqbabah,13.8378,45.8349,27.63,71,83,1.4,YE,1722877271
192,whakatane,-37.9585,176.9854,3.27,87,68,2.3,NZ,1722877272
193,hasaki,35.7333,140.8333,25.22,86,12,1.6,JP,1722877051
194,alice springs,-23.7,133.8833,4.75,93,0,0.0,AU,1722877243
195,nacozari viejo,30.4,-109.65,29.7,42,7,1.12,MX,1722877275
196,morehead city,34.7229,-76.726,29.45,80,20,4.12,US,1722877276
197,cooma,-36.2333,149.1333,1.57,94,14,0.81,AU,1722877278
198,mora,11.0461,14.1401,26.59,68,98,3.91,CM,1722877279
199,smithers,54.7804,-127.1743,17.18,51,20,2.06,CA,1722877108
200,sokur,55.2093,83.319,15.2,85,98,3.27,RU,1722877281
201,kingscliff,-28.2667,153.5667,14.85,83,91,4.4,AU,1722877282
202,lamu,-2.2717,40.902,31.12,79,19,6.1,KE,1722877283
203,ketchikan,55.3422,-131.6461,17.97,63,29,1.53,US,1722877284
204,sochi,43.6,39.7303,26.05,79,5,3.22,RU,1722877285
205,san felice circeo,41.2372,13.0942,34.14,70,4,4.27,IT,1722877286
206,tosontsengel,48.7567,98.2839,12.57,51,6,1.11,MN,1722877288
207,ust-nera,64.5667,143.2,10.29,70,96,2.18,RU,1722877289
208,buellton,34.6136,-120.1927,24.27,23,5,1.07,US,1722877290
209,ghat,24.9647,10.1728,40.03,8,0,9.54,LY,1722877291
210,udachny,66.4167,112.4,8.84,84,77,7.71,RU,1722877234
211,kurchatov,51.6601,35.6521,22.23,60,100,1.34,RU,1722877293
212,manokwari,-0.8667,134.0833,26.11,80,76,3.41,ID,1722877294
213,geraldton,-28.7667,114.6,9.23,93,14,5.14,AU,1722877296
214,coronel oviedo,-25.4167,-56.45,33.11,27,24,4.67,PY,1722877297
215,saldanha,-33.0117,17.9442,13.03,76,4,4.41,ZA,1722877298
216,haikou,20.0458,110.3417,28.07,83,0,1.0,CN,1722877299
217,puerto quijarro,-17.7833,-57.7667,37.96,17,0,2.96,BO,1722877300
218,lompoc,34.6391,-120.4579,17.23,90,100,0.0,US,1722877301
219,quellon,-43.1167,-73.6167,7.9,91,100,8.58,CL,1722877297
220,idri,27.5,13.2667,41.0,8,0,4.01,LY,1722877303
221,san mariano,7.5,126.0,22.82,88,99,0.93,PH,1722877305
222,saint-pierre,-21.3393,55.4781,20.82,73,0,3.09,RE,1722877307
223,al muwayh,22.4333,41.7583,30.68,36,99,6.74,SA,1722877308
224,ringkobing,56.0901,8.244,19.99,64,43,3.09,DK,1722877310
225,wewak,-3.5534,143.6268,25.79,88,66,3.37,PG,1722877311
226,nagqu,31.5,92.0,5.71,81,6,1.53,CN,1722877313
227,hermanus,-34.4187,19.2345,12.1,76,15,5.61,ZA,1722877314
228,hakui,36.8833,136.7833,27.36,95,55,2.68,JP,1722877315
229,gatesville,31.4352,-97.7439,34.38,49,0,0.0,US,1722877316
230,hirara,24.8,125.2833,26.92,100,75,12.35,JP,1722877317
231,sinabang,2.4803,96.3801,26.28,83,69,1.47,ID,1722877318
232,burang,30.25,81.1667,11.73,71,89,2.77,CN,1722877319
233,terenozek,45.05,64.9833,28.54,25,3,1.87,KZ,1722877320
234,mahibadhoo,3.7833,72.9667,28.21,71,100,2.39,MV,1722877321
235,santiago de cuba,20.0247,-75.8219,34.22,53,29,2.72,CU,1722877325
236,manaure,11.7751,-72.4445,31.5,59,96,6.17,CO,1722877326
237,kalemie,-5.9475,29.1947,23.27,42,10,0.54,CD,1722877327
238,scarborough,54.2797,-0.4044,24.88,71,51,2.68,GB,1722876849
239,pariaman,-0.619,100.12,26.03,90,100,1.6,ID,1722877330
240,vilyuchinsk,52.9306,158.4028,12.15,88,100,0.81,RU,1722877331
241,holualoa,19.6228,-155.9522,21.97,89,100,0.56,US,1722877332
242,nicoya,10.1483,-85.452,29.35,72,17,1.6,CR,1722877333
243,praia da vitoria,38.7333,-27.0667,28.14,69,20,4.55,PT,1722877334
244,namibe,-15.1961,12.1522,17.6,86,10,5.13,AO,1722877335
245,duong dong,10.2167,103.9667,28.0,89,40,3.09,VN,1722877336
246,st. john's,47.5649,-52.7093,22.93,90,100,10.29,CA,1722877337
247,kuhmo,64.1333,29.5167,17.15,64,100,2.05,FI,1722877339
248,hadibu,12.65,54.0333,25.57,80,88,7.98,YE,1722877340
249,gadzhiyevo,69.2551,33.3362,13.74,70,0,4.33,RU,1722877341
250,kingston,17.997,-76.7936,33.53,66,20,8.75,JM,1722877184
251,qarqaraly,49.4058,75.4742,16.01,56,9,0.95,KZ,1722877343
252,fu'an,27.0892,119.6453,25.6,98,100,0.33,CN,1722877344
253,chichiriviche,10.9333,-68.2772,28.8,71,100,3.52,VE,1722877345
254,iskateley,67.6803,53.1512,9.2,75,4,6.84,RU,1722877346
255,xining,36.6167,101.7667,15.38,85,21,1.73,CN,1722877347
256,obock,12.25,43.0833,28.62,56,100,11.48,DJ,1722877349
257,tazovsky,67.4667,78.7,9.23,65,96,5.97,RU,1722877350
258,mitu,1.1983,-70.1733,28.43,78,100,1.23,CO,1722877201
259,kapa'a,22.0752,-159.319,25.05,73,60,1.34,US,1722877352
260,kargasok,59.0556,80.8572,15.79,91,31,1.47,RU,1722877353
261,muroto-misakicho,33.2833,134.15,28.38,85,24,2.81,JP,1722877354
262,tidjikja,18.5564,-11.4271,33.69,42,16,6.34,MR,1722877355
263,sisimiut,66.9395,-53.6735,8.2,74,81,2.38,GL,1722877356
264,belfast,54.5833,-5.9333,15.21,100,75,3.6,GB,1722877358
265,selfoss,63.9331,-20.9971,13.91,89,100,1.97,IS,1722877359
266,naberezhnyye chelny,55.7561,52.4289,18.49,85,21,1.99,RU,1722877360
267,severo-yeniseyskiy,60.3725,93.0408,15.98,73,86,1.24,RU,1722877361
268,imbert,19.7537,-70.8291,32.1,44,14,4.64,DO,1722877362
269,petropavlovsk-kamchatsky,53.0452,158.6483,11.33,100,100,1.0,RU,1722877363
270,pascagoula,30.3658,-88.5561,34.03,59,0,4.63,US,1722877364
271,vieux-habitants,16.0589,-61.7659,31.76,66,99,5.57,GP,1722877365
272,akdagmadeni,39.6603,35.8836,21.95,38,27,2.09,TR,1722877366
273,fort bragg,35.139,-79.006,30.93,74,40,2.06,US,1722877367
274,ostersund,63.1792,14.6357,20.25,64,20,2.06,SE,1722877369
275,luba,3.4568,8.5547,24.53,88,98,4.11,GQ,1722877370
276,jindabyne,-36.4167,148.6333,0.87,85,17,1.9,AU,1722877371
277,borogontsy,62.6683,131.1683,13.27,92,100,3.39,RU,1722877216
278,vila franca do campo,37.7167,-25.4333,26.23,67,48,4.71,PT,1722877374
279,minas de marcona,-15.2119,-75.1103,15.59,60,33,8.45,PE,1722877375
280,kiruna,67.8557,20.2251,19.51,52,100,1.54,SE,1722877376
281,paramonga,-10.6667,-77.8333,19.6,71,50,5.13,PE,1722877377
282,fort st. john,56.2499,-120.8529,11.94,94,100,2.57,CA,1722877379
283,labytnangi,66.6572,66.4183,9.99,60,99,5.98,RU,1722877380
284,mount isa,-20.7333,139.5,17.87,68,100,6.17,AU,1722877381
285,launceston,-41.45,147.1667,9.89,93,75,5.14,AU,1722877204
286,coronel suarez,-37.4547,-61.9334,15.64,39,99,5.19,AR,1722877383
287,inonu,37.3167,33.7667,26.08,35,32,9.01,TR,1722877384
288,tambopata,-12.7333,-69.1833,33.94,52,20,2.57,PE,1722877385
289,kulhudhuffushi,6.6221,73.07,27.98,76,100,3.14,MV,1722877386
290,buritizeiro,-17.3511,-44.9622,30.77,26,0,3.39,BR,1722877387
291,pul-e khumri,35.9446,68.7151,30.27,17,0,0.76,AF,1722877389
292,del rio,29.3627,-100.8968,32.85,54,0,3.58,US,1722877273
293,kalmunai,7.4167,81.8167,28.03,79,73,4.3,LK,1722877391
294,cold lake,54.4502,-110.2017,15.97,88,100,3.6,CA,1722877196
295,morristown,36.214,-83.2949,30.98,65,20,2.06,US,1722877393
296,marrakesh,31.6315,-8.0083,39.64,18,0,4.63,MA,1722877203
297,bakanas,44.8081,76.2772,29.17,24,24,5.27,KZ,1722877395
298,nova sintra,14.8667,-24.7167,27.65,67,16,1.63,CV,1722877396
299,targuist,34.9377,-4.3186,31.69,24,2,1.94,MA,1722877398
300,sarmiento,-45.5882,-69.07,3.53,97,100,4.4,AR,1722877399
301,lehliu-gara,44.4333,26.85,29.23,33,87,1.04,RO,1722877400
302,tazacorte,28.629,-17.9293,25.64,79,20,7.2,ES,1722877401
303,ola,59.5833,151.2833,12.0,88,100,1.15,RU,1722877402
304,dunedin,-45.8742,170.5036,4.89,91,29,2.46,NZ,1722877174
305,east ballina,-28.8667,153.5833,15.49,83,95,4.47,AU,1722877405
306,tanjung pandan,-2.75,107.65,24.72,85,83,3.33,ID,1722877406
307,ciudad melchor muzquiz,27.8833,-101.5167,30.34,48,8,2.49,MX,1722877409
308,murzuq,25.9155,13.9184,39.36,9,0,4.54,LY,1722877410
309,torghay,49.6339,63.4981,27.71,29,33,3.51,KZ,1722877411
310,ronne,55.1009,14.7066,18.95,72,75,4.63,DK,1722877393
311,ploneour-lanvern,47.9,-4.2833,21.18,78,100,4.63,FR,1722877413
312,nyala,12.05,24.8833,26.02,67,50,6.63,SD,1722877414
313,whitburn,54.9533,-1.3686,24.53,55,86,4.56,GB,1722877415
314,guangyuan,32.442,105.823,25.27,90,84,0.92,CN,1722877418
315,harar,9.3094,42.1258,17.52,87,100,1.81,ET,1722877419
316,bodaybo,57.8506,114.1933,14.42,94,73,0.43,RU,1722877420
317,bembereke,10.2283,2.6634,25.04,85,82,2.21,BJ,1722877421
318,akjoujt,19.6969,-14.4164,35.66,34,100,4.76,MR,1722877335
319,namsos,64.4662,11.4957,24.95,47,0,4.12,NO,1722877392
320,potsdam,52.3989,13.0657,23.9,50,100,1.75,DE,1722877272
321,puerto baquerizo moreno,-0.9,-89.6,22.55,88,100,2.57,EC,1722877425
322,taksimo,56.3444,114.8794,16.1,76,94,1.66,RU,1722877427
323,shendi,16.6915,33.4341,31.98,47,78,8.56,SD,1722877428
324,antsiranana,-12.2787,49.2917,22.59,79,61,6.09,MG,1722877359
325,funafuti,-8.5243,179.1942,26.0,94,75,2.57,TV,1722877430
326,peniche,39.3558,-9.3811,25.11,78,7,7.25,PT,1722877230
327,ulladulla,-35.35,150.4667,3.76,77,47,3.43,AU,1722877432
328,yorkton,51.2167,-102.4677,17.91,72,40,1.54,CA,1722877211
329,makakilo city,21.3469,-158.0858,25.01,79,100,3.45,US,1722877231
330,ust'-barguzin,53.45,108.9833,11.94,86,0,1.03,RU,1722877435
331,ar rass,25.8694,43.4973,35.35,13,7,5.12,SA,1722877437
332,wanning,18.8003,110.3967,26.68,89,31,2.77,CN,1722877438
333,kristiansund,63.1115,7.732,20.03,87,0,2.06,NO,1722877439
334,canico,32.6333,-16.85,27.62,65,40,6.17,PT,1722877441
335,malpica,43.3228,-8.8105,25.09,65,26,3.05,ES,1722877442
336,dickinson,29.4608,-95.0513,35.07,62,20,3.09,US,1722877443
337,thinadhoo,0.5333,72.9333,28.6,74,100,5.72,MV,1722877444
338,ben gardane,33.1378,11.2197,28.39,59,0,4.94,TN,1722877446
339,port-gentil,-0.7193,8.7815,25.98,69,40,6.17,GA,1722877274
340,vernon,50.2581,-119.2691,27.74,51,0,1.03,CA,1722877431
341,rio grande,-32.035,-52.0986,18.06,92,92,5.51,BR,1722877211
342,san patricio,28.017,-97.5169,32.87,49,0,1.77,US,1722877160
343,usinsk,65.9939,57.5281,13.73,59,100,6.92,RU,1722877451
344,nizhneangarsk,55.7833,109.55,11.74,82,30,1.56,RU,1722877452
345,khorugh,37.4897,71.553,17.57,34,0,2.5,TJ,1722877453
346,tengrela,10.4869,-6.4097,26.22,78,96,3.65,CI,1722877454
347,keflavik,64.0049,-22.5624,13.95,94,100,3.09,IS,1722877272
348,howick,-29.4779,30.2306,7.29,94,7,0.9,ZA,1722877261
349,nishinoomote,30.7333,131.0,28.72,77,18,3.1,JP,1722877224
350,tyukhtet,56.5389,89.3011,16.59,90,88,2.22,RU,1722877459
351,chinde,26.8212,87.7095,24.62,90,93,1.52,NP,1722877291
352,harper,4.375,-7.7169,25.53,75,72,3.37,LR,1722877461
353,la ronge,55.1001,-105.2842,19.14,45,100,2.06,CA,1722877462
354,lib,8.3122,167.3766,28.26,77,98,2.96,MH,1722877463
355,cill airne,52.05,-9.5167,18.03,63,0,5.66,IE,1722877464
356,poso,-1.3959,120.7524,24.57,83,68,2.59,ID,1722877466
357,bharatpur,27.2167,77.4833,27.6,77,14,4.56,IN,1722877467
358,nemuro,43.3236,145.575,16.5,100,100,0.22,JP,1722877330
359,megion,61.0296,76.1136,18.01,95,100,3.33,RU,1722877469
360,trincomalee,8.5711,81.2335,26.92,83,97,6.33,LK,1722877470
361,codrington,-38.2667,141.9667,5.51,96,19,4.42,AU,1722877472
362,mukalla,14.5425,49.1242,29.22,77,87,1.11,YE,1722877473
363,andergrove,-21.0833,149.1833,15.36,90,11,2.09,AU,1722877475
364,wynyard,-41.0,145.7167,8.17,91,26,3.29,AU,1722877476
365,buurhakaba,2.8026,44.0781,24.84,61,47,9.57,SO,1722877478
366,ocotal,13.6321,-86.4752,29.29,56,23,2.76,NI,1722877479
367,biltine,14.5333,20.9167,23.41,86,100,2.08,TD,1722877480
368,laguna,38.421,-121.4238,30.6,53,0,3.6,US,1722877481
369,starokorsunskaya,45.0573,39.3161,28.27,94,75,2.0,RU,1722877482
370,caleta de carquin,-11.0925,-77.6267,19.57,71,34,5.09,PE,1722877484
371,svetlyy,54.675,20.1347,21.03,87,71,4.36,RU,1722877485
372,marsa alam,25.0757,34.8918,32.97,52,90,2.9,EG,1722877486
373,valparaiso,-33.0393,-71.6273,13.33,88,100,5.14,CL,1722877203
374,enewetak,11.3474,162.3373,28.46,76,98,2.37,MH,1722877488
375,los osos,35.3111,-120.8324,24.32,70,20,3.43,US,1722877489
376,camocim,-2.9022,-40.8411,31.93,49,34,7.23,BR,1722877490
377,general jose de san martin,-26.5374,-59.3416,23.62,67,82,0.73,AR,1722877491
378,santiago tangamandapio,19.95,-102.4333,22.98,68,21,0.78,MX,1722877493
379,krutinka,56.0055,71.5113,15.69,92,42,3.42,RU,1722877494
380,new richmond,45.123,-92.5366,18.95,96,100,3.09,US,1722877495
381,ha'il,27.5219,41.6907,35.01,23,0,6.17,SA,1722877496
382,salinas,36.6777,-121.6555,17.45,77,100,1.54,US,1722877248
383,dryden,49.7833,-92.7503,19.16,59,40,4.12,CA,1722877498
384,eyl,7.9803,49.8164,25.02,79,63,10.34,SO,1722877499
385,veraval,20.9,70.3667,27.6,86,100,8.8,IN,1722877500
386,swan hill,-35.3378,143.5544,6.41,84,44,2.1,AU,1722877501
387,marsh harbour,26.5412,-77.0636,29.6,71,99,8.45,BS,1722877503
388,yarmouth,41.7057,-70.2286,29.42,75,40,2.06,US,1722877273
389,pleven,43.4167,24.6167,29.97,39,20,1.03,BG,1722877505
390,flying fish cove,-10.4217,105.6791,24.82,83,100,5.14,CX,1722877506
391,al mijlad,11.0333,27.7333,29.67,53,91,3.97,SD,1722877507
392,arambol,15.6868,73.7045,27.94,87,41,3.46,IN,1722877508
393,illora,37.2877,-3.8811,37.71,19,20,3.6,ES,1722877509
394,phan rang-thap cham,11.5667,108.9833,25.07,89,38,1.43,VN,1722877510
395,yerofey pavlovich,53.9667,121.9667,11.72,97,7,1.49,RU,1722877513
396,godhra,22.75,73.6333,25.57,92,100,5.11,IN,1722877514
397,okhotsk,59.3833,143.3,11.39,93,100,4.26,RU,1722877515
398,port douglas,-16.4833,145.4667,19.53,85,17,2.81,AU,1722877516
399,toliara,-23.35,43.6667,21.13,73,1,2.35,MG,1722877517
400,kimberley,-28.7323,24.7623,10.83,58,0,2.57,ZA,1722877518
401,jaru,-10.4389,-62.4664,37.57,20,0,3.21,BR,1722877258
402,le morne-rouge,14.7667,-61.1333,22.76,82,99,7.66,MQ,1722877521
403,nansio,-2.1333,33.05,24.11,60,7,3.25,TZ,1722877522
404,padangsidempuan,1.3667,99.2667,22.1,99,100,0.87,ID,1722877523
405,hays,30.0502,-98.0336,33.79,60,4,1.94,US,1722877524
406,santa terezinha,-29.9002,-50.0904,17.52,94,77,2.27,BR,1722877525
407,nenjiang,49.1833,125.2167,19.75,77,1,1.31,CN,1722877526
408,parkes,-33.1333,148.1833,6.31,84,91,1.44,AU,1722877527
409,glace bay,46.1969,-59.957,27.86,77,75,3.09,CA,1722877528
410,floro,61.5996,5.0328,20.04,68,75,4.63,NO,1722877529
411,barcelos,41.5388,-8.6151,25.38,59,5,6.68,PT,1722877361
412,mbamba bay,-11.2833,34.7667,23.09,55,1,2.49,TZ,1722877532
413,isiro,2.7739,27.616,20.09,97,98,0.9,CD,1722877533
414,kinango,-4.1372,39.3153,24.06,84,13,2.43,KE,1722877534
415,myrina,39.8797,25.0742,28.58,54,0,2.06,GR,1722877535
416,cole harbour,44.6724,-63.4751,26.21,81,99,1.79,CA,1722877338
417,kastsyukovichy,53.3516,32.0506,19.06,71,100,2.31,BY,1722877537
418,les avirons,-21.2418,55.3394,19.05,73,0,3.09,RE,1722877538
419,shingu,33.7333,135.9833,25.43,94,59,1.38,JP,1722877539
420,tommot,58.9564,126.2925,14.12,98,100,1.46,RU,1722877540
421,port isabel,26.0734,-97.2086,33.04,73,20,4.12,US,1722877542
422,alexandroupoli,40.8475,25.8744,28.51,78,40,7.2,GR,1722877543
423,sheldon,43.1811,-95.8561,27.3,78,0,5.66,US,1722877464
424,orgiva,36.9026,-3.4238,39.61,26,0,2.41,ES,1722877545
425,tayoltita,24.0833,-105.9333,31.58,52,0,2.38,MX,1722877546
426,lerwick,60.1545,-1.1494,15.0,98,100,5.89,GB,1722877462
427,grants,35.1473,-107.8514,27.88,32,72,0.93,US,1722877548
428,male,4.1748,73.5089,27.97,83,100,1.03,MV,1722877549
429,burela de cabo,43.65,-7.4,20.45,76,9,2.56,ES,1722877550
430,labuan,5.2767,115.2417,27.2,88,20,0.0,MY,1722877552
431,antofagasta,-23.65,-70.4,14.6,78,24,5.44,CL,1722877553
432,caldwell,43.6629,-116.6874,34.04,35,0,2.06,US,1722877554
433,caarapo,-22.6342,-54.8222,33.84,20,16,4.42,BR,1722877555
434,conception bay south,47.4999,-52.9981,22.8,91,100,6.61,CA,1722877557
435,noumea,-22.2763,166.4572,20.56,99,51,3.57,NC,1722877558
436,saacow,1.6279,42.4407,26.52,49,45,10.29,SO,1722877559
437,pereiaslav-khmelnytskyi,50.0877,31.4795,23.73,44,65,3.26,UA,1722877561
438,broken hill,-31.95,141.4333,5.51,93,5,2.55,AU,1722877562
439,luocheng,29.3848,104.0286,24.98,93,9,0.71,CN,1722877563
440,puerto carreno,6.189,-67.4859,28.99,74,20,3.09,CO,1722877564
441,richmond,37.5538,-77.4603,33.46,71,40,2.57,US,1722877268
442,luena,-11.7833,19.9167,21.98,16,13,2.13,AO,1722877566
443,chivhu,-19.0211,30.8922,19.13,15,0,3.55,ZW,1722877567
444,napier,-39.4833,176.9167,5.38,85,49,2.56,NZ,1722877568
445,reggane,26.7158,0.1714,46.46,6,14,3.78,DZ,1722877569
446,letlhakane,-21.4167,25.5833,21.31,15,0,3.77,BW,1722877571
447,sao miguel,-5.4667,-35.3667,28.43,66,45,9.5,BR,1722877500
448,coos bay,43.3665,-124.2179,20.17,72,100,6.69,US,1722877528
449,aitape,-3.1374,142.3475,24.9,89,88,2.07,PG,1722877574
450,yumaguzino,52.9041,56.3933,18.07,77,100,1.43,RU,1722877575
451,castillos,-34.1667,-53.8333,15.13,77,96,4.78,UY,1722877576
452,amga,60.8953,131.9608,11.4,96,100,4.41,RU,1722877577
453,klyuchi,52.2667,79.1667,19.88,57,62,2.29,RU,1722877579
454,aoulef,26.9667,1.0833,45.57,6,13,3.23,DZ,1722877580
455,kirakira,-10.4544,161.9205,25.48,88,100,5.13,SB,1722877581
456,saint-francois,46.4154,3.9054,27.69,48,0,2.06,FR,1722877582
457,dingras,18.1032,120.6967,24.84,90,78,1.88,PH,1722877583
458,tarawa,1.419,172.984,28.45,67,79,5.94,KI,1722877584
459,jeddah,21.5169,39.2192,36.92,34,0,7.2,SA,1722877534
460,madalena,41.2162,-8.3345,29.75,60,0,4.42,PT,1722877586
461,guazacapan,14.0742,-90.4167,29.68,60,92,2.42,GT,1722877587
462,la passe,45.5549,-0.8967,31.13,60,0,5.28,FR,1722877589
463,mabaruma,8.2,-59.7833,27.09,93,92,1.59,GY,1722877590
464,saint-philippe,-21.3585,55.7679,20.77,75,56,2.6,RE,1722877591
465,haiku-pauwela,20.9219,-156.3051,23.47,81,0,3.13,US,1722877498
466,la sarre,48.8002,-79.1996,18.73,43,21,3.52,CA,1722877593
467,springs,-26.25,28.4,13.47,43,51,3.86,ZA,1722877594
468,jaltocan,21.15,-98.5333,29.0,73,1,1.95,MX,1722877595
469,catia la mar,10.6038,-67.0303,34.44,58,99,1.46,VE,1722877596
470,alofi,-19.0595,-169.9187,20.94,100,40,2.06,NU,1722877597
471,sakaiminato,35.55,133.2333,28.96,89,40,3.09,JP,1722877600
472,lower hutt,-41.2167,174.9167,3.95,87,10,1.54,NZ,1722877601
473,plettenberg bay,-34.0527,23.3716,12.49,55,10,1.63,ZA,1722877602
474,howard springs,-12.497,131.047,22.95,94,4,1.24,AU,1722877603
475,ibipeba,-11.6408,-42.0111,29.31,33,45,6.74,BR,1722877604
476,kuta,-8.7233,115.1723,25.97,89,20,4.12,ID,1722877605
477,walvis bay,-22.9575,14.5053,13.94,77,5,5.62,NA,1722877606
478,mogocha,53.7333,119.7667,12.03,95,4,0.86,RU,1722877607
479,as sulayyil,20.4607,45.5779,42.14,12,100,5.13,SA,1722877333
480,san francisco,37.7749,-122.4194,19.2,93,100,4.63,US,1722876997
481,puerto aysen,-45.4,-72.7,5.14,98,100,2.35,CL,1722877437
482,crane,31.3974,-102.3501,30.33,36,60,3.57,US,1722877612
483,smara,26.7384,-11.6719,36.45,16,0,10.61,EH,1722877613
484,essex,40.7834,-74.2163,32.98,47,75,3.6,US,1722877614
485,nyurba,63.2842,118.3319,12.11,95,21,2.25,RU,1722877615
486,inirida,3.8653,-67.9239,24.09,95,100,1.19,CO,1722877616
487,kirensk,57.7853,108.1119,13.79,68,15,1.33,RU,1722877617
488,guiuan,11.0333,125.7247,28.73,79,100,7.77,PH,1722877619
489,livingston,55.9029,-3.5226,21.23,77,75,6.69,GB,1722877620
490,revda,56.801,59.9303,15.23,97,100,2.98,RU,1722877621
491,conde,-7.2597,-34.9075,28.7,51,40,7.2,BR,1722877622
492,sirsa,29.5333,75.0167,31.17,62,81,5.37,IN,1722877623
493,aketi,2.7388,23.7833,22.7,88,78,1.13,CD,1722877624
494,hincesti,46.8258,28.5936,26.76,35,100,3.34,MD,1722877625
495,novaya igirma,57.1334,103.9112,13.82,70,5,0.67,RU,1722877505
496,zyryanovsk,49.7386,84.2719,15.05,72,14,1.24,KZ,1722877627
497,manchester,53.4809,-2.2374,23.74,73,100,3.13,GB,1722877629
498,inarajan village,13.2736,144.7484,26.89,95,100,3.15,GU,1722877630
499,taulaga,-11.0553,-171.0883,27.31,81,95,6.46,AS,1722877631
500,sao jose da coroa grande,-8.8978,-35.1478,26.09,62,14,5.62,BR,1722877632
501,tsiombe,-25.3,45.4833,18.84,80,19,2.04,MG,1722877555
502,arkhangel'sk,64.5401,40.5433,14.06,82,40,2.0,RU,1722877634
503,urengoy,65.9667,78.3667,11.44,63,100,4.01,RU,1722877635
504,aras-asan,8.8908,126.3033,25.13,90,99,3.39,PH,1722877636
505,arteaga,18.4667,-102.4167,25.59,64,66,2.25,MX,1722877637
506,christchurch,-43.5333,172.6333,2.49,83,1,1.13,NZ,1722877546
507,malindi,-3.2175,40.1191,24.14,76,7,6.3,KE,1722877640
508,strezhevoy,60.7333,77.5889,17.75,86,100,2.85,RU,1722877641
509,leo,11.1,-2.1,27.59,72,84,2.71,BF,1722877642
510,karaton,-6.3424,106.1045,21.81,97,25,0.74,ID,1722877643
511,tejen,37.3834,60.5054,35.24,15,0,6.28,TM,1722877644
512,sept-iles,50.2001,-66.3821,21.7,63,26,5.36,CA,1722877645
513,babu,24.4167,111.5167,27.09,83,100,0.17,CN,1722877646
514,antsohihy,-14.8796,47.9875,20.88,66,62,1.05,MG,1722877647
515,mjolby,58.326,15.1237,23.6,65,41,1.15,SE,1722877649
516,manadhoo,5.7667,73.3833,28.08,74,100,2.38,MV,1722877650
517,tshikapa,-6.4167,20.8,30.32,17,12,1.89,CD,1722877651
518,pasuquin,18.3328,120.6177,26.64,84,58,2.97,PH,1722877652
519,wangon,-7.5161,109.0539,22.22,93,36,1.49,ID,1722877653
520,nea alikarnassos,35.3333,25.1667,29.15,70,20,2.57,GR,1722877654
521,cruzeiro do sul,-29.5128,-51.9853,25.29,80,91,1.18,BR,1722877370
522,sao paulo de olivenca,-3.3783,-68.8725,34.71,43,28,1.74,BR,1722877656
523,el abiodh sidi cheikh,32.893,0.5484,39.42,8,34,2.38,DZ,1722877658
524,suva,-18.1416,178.4415,18.71,88,40,1.03,FJ,1722877659
525,timimoun,29.2639,0.231,46.34,6,17,2.66,DZ,1722877660
526,olyokminsk,60.3736,120.4264,12.15,97,100,1.46,RU,1722877661
527,tofol,5.3248,163.0078,28.26,76,100,4.57,FM,1722877662
528,pisco,-13.7,-76.2167,19.03,68,20,3.09,PE,1722877663
529,ra's bayrut,33.9,35.4833,28.81,74,75,2.06,LB,1722877664
530,oral,51.2333,51.3667,23.99,57,40,2.0,KZ,1722877665
531,prado,-17.3411,-39.2208,25.17,64,0,3.72,BR,1722877588
532,daru,-9.0763,143.2092,24.18,89,99,6.61,PG,1722877520
533,owase,34.0667,136.2,24.79,92,65,1.06,JP,1722877669
534,kone,-21.0595,164.8658,14.62,78,5,1.49,NC,1722877670
535,agios nikolaos,35.1914,25.7133,30.98,44,0,2.51,GR,1722877671
536,deogarh,21.5333,84.7333,26.24,90,95,1.65,IN,1722877672
537,mwene-ditu,-7.0,23.45,27.65,18,8,0.98,CD,1722877673
538,zhob,31.3411,69.4481,28.52,58,100,3.11,PK,1722877674
539,immenhausen,51.4276,9.4802,23.58,53,0,3.6,DE,1722877675
540,port hueneme,34.1478,-119.1951,35.15,64,0,2.06,US,1722877677
541,teknaf,20.8624,92.3058,26.27,91,100,3.18,BD,1722877678
542,richards bay,-28.783,32.0377,17.04,67,80,2.0,ZA,1722877503
543,champerico,14.3,-91.9167,33.3,71,82,2.17,GT,1722877680
544,nuuk,64.1835,-51.7216,11.34,66,75,2.57,GL,1722877681
545,namdrik,5.5994,168.1028,28.46,75,31,3.39,MH,1722877682
546,edd,13.9297,41.6925,31.89,71,89,3.85,ER,1722877683
547,barmer,25.75,71.3833,25.03,87,100,5.36,IN,1722877684
548,kununurra,-15.7667,128.7333,18.99,82,41,0.51,AU,1722877549
549,zhaotong,27.3167,103.7167,18.17,93,98,0.74,CN,1722877687
550,labrador city,52.9463,-66.9114,9.7,69,100,5.56,CA,1722877688
551,korla,41.7597,86.1469,31.39,29,82,2.26,CN,1722877689
552,polyarnyy,69.1989,33.4478,14.32,66,0,4.34,RU,1722877690
553,ilomantsi,62.6716,30.9328,16.5,67,100,2.51,FI,1722877691
554,urumqi,43.801,87.6005,29.53,29,20,3.0,CN,1722877692
555,borba,-4.3878,-59.5939,37.45,21,11,2.51,BR,1722877693
556,pierre,44.3683,-100.351,19.51,100,100,4.12,US,1722877694
557,davyd-haradok,52.0566,27.2161,20.27,66,93,2.45,BY,1722877696
558,zag,46.9441,99.165,14.29,48,0,1.86,MN,1722877697
559,salalah,17.0151,54.0924,26.05,89,100,2.06,OM,1722877698
560,camalu,30.85,-116.0667,29.25,76,19,2.07,MX,1722877699
561,nyagan,62.1406,65.3936,16.01,97,99,4.33,RU,1722877700
562,taipei,25.0478,121.5319,30.6,65,20,2.57,TW,1722877500
563,pacific grove,36.6177,-121.9166,15.97,99,100,2.68,US,1722877702
564,charters towers,-20.1,146.2667,13.81,93,39,3.25,AU,1722877704
565,yala,6.3333,101.25,23.44,95,85,1.25,TH,1722877705
566,alta,69.9689,23.2717,24.59,36,0,3.6,NO,1722877706
567,ritchie,-29.038,24.6028,10.95,26,0,2.42,ZA,1722877707
568,mossel bay,-34.1831,22.146,14.0,58,11,2.54,ZA,1722877708
569,sunnyside,46.3237,-120.0087,29.12,43,0,1.2,US,1722877710
570,ta`u,-14.2336,-169.5144,25.58,76,4,2.13,AS,1722877712
571,birzebbuga,35.8258,14.5269,29.53,74,20,2.06,MT,1722877713
572,sao gabriel da cachoeira,-0.1303,-67.0892,28.92,78,91,1.21,BR,1722877714
573,yelizovo,53.1873,158.3805,12.08,100,100,1.0,RU,1722877715
574,newman,37.3138,-121.0208,29.57,23,0,1.17,US,1722877716
575,lexington park,38.2668,-76.4538,31.57,76,0,0.89,US,1722877717
576,nahiyat ash shinafiyah,31.5874,44.6602,39.55,11,0,3.24,IQ,1722877718
577,mahina,-17.5065,-149.489,22.87,68,20,3.6,PF,1722877719
578,ulsteinvik,62.3432,5.8487,18.51,87,100,0.45,NO,1722877720
579,misratah,32.3754,15.0925,30.4,53,0,4.76,LY,1722877635
580,asha,54.9973,57.2722,16.0,99,100,2.2,RU,1722877495
581,icano,-28.9193,-65.3282,23.31,33,0,5.49,AR,1722877725
582,axim,4.8699,-2.2405,23.81,84,100,4.07,GH,1722877726
583,qiancheng,27.185,109.7654,26.16,83,56,1.32,CN,1722877727
584,taoudenni,22.6783,-3.9836,45.06,10,4,4.94,ML,1722877729
585,oranjemund,-28.55,16.4333,12.65,70,0,8.33,NA,1722877730
586,sibolga,1.7427,98.7792,25.2,89,88,1.28,ID,1722877731
587,swakopmund,-22.6833,14.5333,13.88,79,9,2.24,NA,1722877732
588,chicoana,-25.1009,-65.5331,22.81,27,0,2.38,AR,1722877733
589,benjamin constant,-4.3831,-70.0311,31.07,70,20,2.57,BR,1722877734
590,beyneu,45.3167,55.2,35.02,21,8,4.9,KZ,1722877735
591,boende,-0.2167,20.8667,26.67,63,99,1.36,CD,1722877736
592,copiapo,-27.3667,-70.3333,18.57,50,1,2.73,CL,1722877167
593,sihanoukville,10.6093,103.5296,26.97,89,40,0.51,KH,1722877739
594,yuanping,38.7153,112.7575,18.13,86,81,1.52,CN,1722877740
